<?xml version="1.0" encoding="utf-8"?>
<odoo>
    <!-- Quality category -->
    <record id="category_quality" model="ir.module.category">
        <field name="name">Quality</field>
        <field name="sequence">102</field>
    </record>

    <!-- Groups -->
    <record id="group_quality_user" model="res.groups">
        <field name="name">User</field>
        <field name="category_id" ref="category_quality"/>
    </record>

    <record id="group_quality_manager" model="res.groups">
        <field name="name">Manager</field>
        <field name="category_id" ref="category_quality"/>
        <field name="implied_ids" eval="[(4, ref('group_quality_user'))]"/>
        <field name="users" eval="[(4, ref('base.user_root')), (4, ref('base.user_admin'))]"/>
    </record>

    <record model="res.groups" id="group_pass_fail_quality_inspection">
        <field name="name">Quality Special User</field>
        <field name="category_id" ref="base.module_category_hidden"/>
        <field name="implied_ids" eval="[(4, ref('sync_quality_control.group_quality_user'))]"/>
    </record>

    <record id="quality_control_multi_company_rule" model="ir.rule">
        <field name="name">Quality Control: Multi Company</field>
        <field name="model_id" ref="sync_quality_control.model_quality_control_point"/>
        <field name="global" eval="True"/>
        <field name="domain_force">['|',('company_id', '=', False), ('company_id', 'in', company_ids)]</field>
    </record>

    <record id="quality_inspection_multi_company_rule" model="ir.rule">
        <field name="name">Quality Inspection: Multi Company</field>
        <field name="model_id" ref="sync_quality_control.model_quality_inspection"/>
        <field name="global" eval="True"/>
        <field name="domain_force">['|',('company_id', '=', False), ('company_id', 'in', company_ids)]</field>
    </record>

    <record id="quality_control_alert_multi_company_rule" model="ir.rule">
        <field name="name">Quality Control Alert: Multi Company</field>
        <field name="model_id" ref="sync_quality_control.model_quality_control_alert"/>
        <field name="global" eval="True"/>
        <field name="domain_force">['|',('company_id', '=', False), ('company_id', 'in', company_ids)]</field>
    </record>

</odoo>