<?xml version="1.0" encoding="utf-8"?>
<odoo noupdate="1">
    <record id="group_stock_pallet_package" model="res.groups">
        <field name="name">Inventory Pallet</field>
        <field name="category_id" ref="base.module_category_hidden"/>
    </record>

    <!-- Pallet multi company rule -->
    <record model="ir.rule" id="stock_pallet_package_comp_rule">
        <field name="name">stock_pallet_package multi-company</field>
        <field name="model_id" ref="sync_pallet_packaging.model_stock_pallet_package"/>
        <field name="global" eval="True"/>
        <field name="domain_force">['|', ('company_id', '=', False), ('company_id', 'in', company_ids)]</field>
    </record>
</odoo>
