<?xml version="1.0" encoding="utf-8"?>
<odoo noupdate="1">
    <!-- General Manager category -->
    <record id="category_general_manager" model="ir.module.category">
        <field name="name">General Manager</field>
        <field name="sequence">103</field>
    </record>

    <!-- Groups -->
    <record id="group_general_manager" model="res.groups">
        <field name="name">Administrator</field>
        <field name="category_id" ref="category_general_manager"/>
    </record>

    <!-- Product Group multi company rule -->
    <record model="ir.rule" id="mvf_product_group_comp_rule">
        <field name="name">mvf_product_group multi-company</field>
        <field name="model_id" ref="mvf_customization.model_mvf_product_group"/>
        <field name="global" eval="True"/>
        <field name="domain_force">['|', ('company_id', '=', False), ('company_id', 'in', company_ids)]</field>
    </record>

    <!-- Product Type multi company rule -->
    <record model="ir.rule" id="mvf_product_type_comp_rule">
        <field name="name">mvf_product_type multi-company</field>
        <field name="model_id" ref="mvf_customization.model_mvf_product_type"/>
        <field name="global" eval="True"/>
        <field name="domain_force">['|', ('company_id', '=', False), ('company_id', 'in', company_ids)]</field>
    </record>

    <!-- Product Item multi company rule -->
    <record model="ir.rule" id="mvf_product_item_comp_rule">
        <field name="name">mvf_product_item multi-company</field>
        <field name="model_id" ref="mvf_customization.model_mvf_product_item"/>
        <field name="global" eval="True"/>
        <field name="domain_force">['|', ('company_id', '=', False), ('company_id', 'in', company_ids)]</field>
    </record>

    <!-- Product Model multi company rule -->
    <record model="ir.rule" id="mvf_product_model_comp_rule">
        <field name="name">mvf_product_model multi-company</field>
        <field name="model_id" ref="mvf_customization.model_mvf_product_model"/>
        <field name="global" eval="True"/>
        <field name="domain_force">['|', ('company_id', '=', False), ('company_id', 'in', company_ids)]</field>
    </record>
</odoo>
